channel-id="-1",group-title="cine",tvg-logo="https://lh3.googleusercontent.com/-1akpm1rc75w/ygdiukfuqzi/aaaaaaabbgg/lg-2dxifeu8k4vxzqxqpvz6j29bu5zusgck8bgasyhg/s512/2021-04-02.png",nombre=zptv,url=https://srv3.zcast.com.br/juancarlos9451/juancarlos9451/playlist.m3u8
channel-id="-1",group-title="cine",tvg-logo="https://provider-static.plex.tv/epg/images/ott_channels/logos/cinereal_logo_dark_v3.png",nombre=cine real,url=https://olympusamagi.amagi.tv/hls/amagi_hls_data_olympusat-cinereal-latam-plex/cdn/playlist.m3u8?us_privacy=1---&did=62274240-07e7-5d94-8dc8-ef68cf19e175&dnt=0&x-plex-token=6bslyfjzzvyw_ngsjtwh&channelid=608b7095a09205002da4f295
channel-id="-1",group-title="cine",tvg-logo="https://provider-static.plex.tv/epg/images/ott_channels/logos/topcine_logo_dark_v3.png",nombre=top cine,url=https://olympusamagi.amagi.tv/hls/amagi_hls_data_olympusat-topcine-latam-plex/cdn/playlist.m3u8?us_privacy=1---&did=62274240-07e7-5d94-8dc8-ef68cf19e175&dnt=0&x-plex-token=6bslyfjzzvyw_ngsjtwh&channelid=608b7094a09205002da4f291
channel-id="-1",group-title="cine",tvg-logo="https://provider-static.plex.tv/epg/images/ott_channels/logos/tucine_logo_light.png",nombre=tu cine,url=https://olympusamagi.amagi.tv/hls/amagi_hls_data_olympusat-tucine-plexa/cdn/playlist.m3u8?us_privacy=1---&did=62274240-07e7-5d94-8dc8-ef68cf19e175&dnt=0&x-plex-token=6bslyfjzzvyw_ngsjtwh&channelid=6018913ea15130002b284193
channel-id="-1",group-title="cine",tvg-logo="https://lh3.googleusercontent.com/-cwmyprb8eaa/xnatenopyxi/aaaaaaaaw-y/i40dmytgmwstyovqvoi-uzarzune0a9vack8bgasyhg/s0/2020-03-16.jpg",nombre=geovision,url=https://5fa5de1a545ae.streamlock.net/geovision/geovision/playlist.m3u8
channel-id="-1",group-title="cine",tvg-logo="https://lh3.googleusercontent.com/tow8xwkbps-28by8xvguqog6og0tun1oxmvmzrny-tuihmgswdhebnfoztlbiabdjta",nombre=telered_,url=http://k4.usastreams.com/arbtv/teleplus/playlist.m3u8
channel-id="-1",group-title="cine",tvg-logo="https://vignette.wikia.nocookie.net/logopedia/images/2/21/rts_1992.png/revision/latest/scale-to-width-down/340?cb=20200303190745",nombre=telesistema_,url=http://k4.usastreams.com/arbtv/arbtv/playlist.m3u8
channel-id="-1",group-title="cine y series 2",tvg-logo="https://images.pluto.tv/channels/5f6a38eaa5b68b0007a00e7a/colorlogopng.png",nombre=sci-fi 2_,url=http://service-stitcher.clusters.pluto.tv/stitch/hls/channel/5f6a38eaa5b68b0007a00e7a/master.m3u8?advertisingid=&appname=web&appversion=unknown&appstoreurl=&architecture=&buildversion=&clienttime=0&devicednt=0&deviceid=ef4d2891-7255-11eb-a983-9335ded533f7&devicemake=chrome&devicemodel=web&devicetype=web&deviceversion=unknown&includeextendedevents=false&sid=bd9d9781-2910-4dd2-9b1f-a1fd662d0cc3&userid=&serversideads=true
channel-id="2903",nombre=warner hd_,url=http://iptvhn.sytes.net:25461/dagoberto/r3mqxudj04/73
channel-id="341",nombre=discovery channel hd_,url=http://iptvhn.sytes.net:25461/dagoberto/r3mqxudj04/42
channel-id="164",nombre=nat geo wild_,url=http://iptvhn.sytes.net:25461/dagoberto/r3mqxudj04/36
channel-id="2839",nombre=discovery world_,url=http://iptvhn.sytes.net:25461/dagoberto/r3mqxudj04/65
channel-id="2584",nombre=hbo family hd_,url=http://iptvhn.sytes.net:25461/dagoberto/r3mqxudj04/128
channel-id="1330",nombre=hbo hd_,url=http://iptvhn.sytes.net:25461/dagoberto/r3mqxudj04/129
channel-id="2585",nombre=hbo plus_,url=http://iptvhn.sytes.net:25461/dagoberto/r3mqxudj04/131
channel-id="2587",nombre=hbo xtreme_,url=http://iptvhn.sytes.net:25461/dagoberto/r3mqxudj04/255
channel-id="2896",nombre=space hd_,url=http://iptvhn.sytes.net:25461/dagoberto/r3mqxudj04/94
channel-id="-1",group-title="niños y adolescentes",tvg-logo="https://upload.wikimedia.org/wikipedia/commons/thumb/a/ab/el_chavo_%28simple_logo%29.svg/1200px-el_chavo_%28simple_logo%29.svg.png",nombre=el chavo,url=https://videostreaming.cloudserverlatam.com/elchavotv/elchavotv/chunklist_w1027442110.m3u8
channel-id="-1",group-title="animación para adultos",tvg-logo="https://i.postimg.cc/1xdvjp8v/mtv_animaciones.png",nombre=mtv animaciones_,url=http://service-stitcher.clusters.pluto.tv/stitch/hls/channel/5efb8ce2e426140007c78fd1/master.m3u8?advertisingid=&appname=web&appversion=unknown&appstoreurl=&architecture=&buildversion=&clienttime=0&devicednt=0&deviceid=bff27172-6307-11eb-b3fa-019cb96f121b&devicemake=chrome&devicemodel=web&devicetype=web&deviceversion=unknown&includeextendedevents=false&sid=5ee82024-6fd5-4fd7-b68f-606316a1738b&userid=&serversideads=true
channel-id="-1",group-title="cine y series",tvg-logo="https://i.postimg.cc/cxmvxnyf/series-retro.png",nombre=series retro_,url=http://service-stitcher.clusters.pluto.tv/stitch/hls/channel/5de802659167b10009e7deba/master.m3u8?advertisingid=&appname=web&appversion=unknown&appstoreurl=&architecture=&buildversion=&clienttime=0&devicednt=0&deviceid=bff1ae21-6307-11eb-b3fa-019cb96f121b&devicemake=chrome&devicemodel=web&devicetype=web&deviceversion=unknown&includeextendedevents=false&sid=efb5479a-1735-4d57-9b8e-16487d9760c3&userid=&serversideads=true
channel-id="-1",group-title="cine y series",tvg-logo="https://retroplustv.com/wp-content/uploads/2020/07/logo-recortado.png",nombre=retro plus tv cine,url=https://59f1cbe63db89.streamlock.net:1443/retroplussenal3/_definst_/retroplussenal3/playlist.m3u8
channel-id="-1",group-title="cine y series",tvg-logo="https://i.postimg.cc/mpb4slxr/telecl-sicos.png",nombre=teleclásicos,url=https://tvdatta.com:3484/hybrid/play.m3u8
channel-id="3186",group-title="cine y series",tvg-logo="https://i.postimg.cc/clt4cxxj/scifi.png",nombre=sci-fi_,url=http://service-stitcher.clusters.pluto.tv/stitch/hls/channel/5f2817d3d7573a00080f9175/master.m3u8?advertisingid=&appname=web&appversion=unknown&appstoreurl=&architecture=&buildversion=&clienttime=0&devicednt=0&deviceid=bff29881-6307-11eb-b3fa-019cb96f121b&devicemake=chrome&devicemodel=web&devicetype=web&deviceversion=unknown&includeextendedevents=false&sid=69952490-17b7-4b2b-92ec-4525b187cbe6&userid=&serversideads=true
channel-id="-1",group-title="cine y series",tvg-logo="https://i.postimg.cc/kggwbrzg/twd.png",nombre=the walking dead_,url=http://service-stitcher.clusters.pluto.tv/stitch/hls/channel/5e82bb378601b80007b4bd78/master.m3u8?advertisingid=&appname=web&appversion=unknown&appstoreurl=&architecture=&buildversion=&clienttime=0&devicednt=0&deviceid=a109b860-ae69-11eb-a87c-2ba0b5b8041d&devicemake=chrome&devicemodel=web&devicetype=web&deviceversion=unknown&includeextendedevents=false&sid=89e7768a-d856-44a6-ba93-5bff4d40757c&userid=&serversideads=true
channel-id="-1",group-title="cine y series",tvg-logo="https://i.postimg.cc/7p2yvb8r/fmtv-1.png",nombre=fmtv,url=https://cloud2.streaminglivehd.com:1936/8070/8070/chunklist_w1605424459.m3u8
channel-id="-1",group-title="cine y series",tvg-logo="https://i.postimg.cc/jdc6zwq7/retro-tv-palmares.png",nombre=retro tv palmares_,url=http://tvretropalmares.com:8090/hls/envivo.m3u8?webm3ucl
channel-id="-1",group-title="samsung tv",tvg-logo="https://i.imgur.com/etjetkh.png",nombre=sony comedias | hd | estados unidos,url=https://spt-comedias-1-us.samsung.wurl.tv/1200.m3u8
channel-id="-1",group-title="moda",tvg-logo="https://i.imgur.com/vtv1ysb.png",nombre=fashiontv czech&slovak | sd | francia_,url=http://lb.streaming.sk/fashiontv/stream/playlist.m3u8
channel-id="-10",group-title="moda",tvg-logo="https://i.imgur.com/hisjdaa.png",nombre=hd fashion & lifestyle | fhd | holanda_,url=http://95.67.47.115/hls/hdfashion_ua_hi/index.m3u8
channel-id="2163",group-title="cine y series",tvg-logo="https://upload.wikimedia.org/wikipedia/commons/8/8f/pluto_tv_2020_logo.png",nombre=cine_,url=http://service-stitcher.clusters.pluto.tv/stitch/hls/channel/5defde6d6c07b50009cf0757/master.m3u8?advertisingid=&appname=web&appversion=unknown&appstoreurl=&architecture=&buildversion=&clienttime=0&devicednt=0&deviceid=bff1ae24-6307-11eb-b3fa-019cb96f121b&devicemake=chrome&devicemodel=web&devicetype=web&deviceversion=unknown&includeextendedevents=false&sid=b1c7f116-fa08-488b-a213-5bb1f7ee5ad2&userid=&serversideads=true
channel-id="-1", name="tv familiar hd",tvg-logo="https://secureservercdn.net/45.40.146.28/1xm.7a5.myftpupload.com/wp-content/uploads/2020/09/loop-tvf.gif?time=1601765650", country="ve",nombre=tv familiar hd,url=https://cdn01.yowi.tv/kpfpgju8a6/live-2500.m3u8
channel-id="-1",group-title="cine",tvg-logo="https://provider-static.plex.tv/epg/images/ott_channels/logos/lacorriente_logo_dark.png",nombre=la corriente,url=https://stream.ads.ottera.tv/playlist.m3u8?network_id=499&live=1&app_bundle=com.plexapp.android&did=62274240-07e7-5d94-8dc8-ef68cf19e175&app_domain=app.plex.tv&app_name=plex&h=&w=&content_title=hxpexx8sxrq2fzzka8jc&content_series=602d6608f867c4002c897e27&custom4=plex&gdpr=0&device_make=&device_model=&coppa=0&us_privacy=1---&custom_6=hxpexx8sxrq2fzzka8jc&custom_7=602d6608f867c4002c897e27
channel-id="-1",group-title="cine",tvg-logo="https://www.runtime.tv/themes/custom/run/runtime/logo.png",nombre=runtime,url=https://runtime-espana-rakuten.amagi.tv/playlist.m3u8
channel-id="-1",group-title="cine",tvg-logo="https://www.runtime.tv/themes/custom/run/runtime/logo.png",nombre=runtime 2,url=https://ammo-espanol-plex.amagi.tv/playlist.m3u8
channel-id="-1",group-title="cine",tvg-logo="https://www.runtime.tv/themes/custom/run/runtime/logo.png",nombre=runtime 3,url=https://runtimemx-samsungmx.amagi.tv/playlist.m3u8
channel-id="-1",group-title="cine",tvg-logo="https://pbs.twimg.com/profile_images/1361963964469493760/kjcfxnwp_400x400.jpg",nombre=feel good verdi,url=https://contracorriente-canalfeelgood-1-es.samsung.wurl.tv/3000.m3u8
channel-id="-1",group-title="cine",tvg-logo="https://ml.globenewswire.com/resource/download/99b1354d-8a98-478f-acb1-217f619405b4?size=2",nombre=my time movies 1,url=https://appletree-mytimespain-rakuten.amagi.tv/playlist.m3u8
channel-id="-1",group-title="cine",tvg-logo="https://ml.globenewswire.com/resource/download/99b1354d-8a98-478f-acb1-217f619405b4?size=2",nombre=my time movies 2,url=https://appletree-mytime-samsungmexico.amagi.tv/playlist.m3u8
channel-id="-1",group-title="cine",tvg-logo="http://dominicanchannels.com/wp-content/uploads/2014/10/orbit-tv-1.png",nombre=orbit tv,url=https://ss3.domint.net:3134/otv_str/orbittv/media.m3u8
channel-id="-1",group-title="cine",tvg-logo="https://images-na.ssl-images-amazon.com/images/i/51sn4ybcy6l.png",nombre=butaca tv,url=https://veranda-butacatv-1-es.samsung.wurl.tv/playlist.m3u8
channel-id="-1",group-title="cine",tvg-logo="https://images-na.ssl-images-amazon.com/images/i/51sn4ybcy6l.png",nombre=butaca tv 2,url=https://veranda-butacatv-2-mx.samsung.wurl.tv/playlist.m3u8
channel-id="-1",group-title="cine",tvg-logo="https://www.samsung.com/us/smg/content/dam/s7/home/televisions-and-home-theater/tvs/tvplus/all-channels/02232021/canela.tv_190x190_circle.jpg?raw=true",nombre=canela tv,url=https://stream-us-east-1.getpublica.com/playlist.m3u8?network_id=65&live=1&app_bundle=com.plexapp.desktop&did=&app_domain=app.plex.tv&app_name=plex&h=1080&w=1920&content_title=vx2gxit5q_vtarvywbza&content_series=5f5132e362fe160040f26c18&custom4=plex&gdpr=0&device_make=windows&device_model=opera&coppa=0&us_privacy=1---
channel-id="2497",group-title="cine",tvg-logo="https://lh3.googleusercontent.com/-me1jcsdamts/xwkz4pxyw2i/aaaaaaaa2pa/7nqibfl38eq5sgpw9h7fp3vktg7bd6wfwck8bgasyhg/s0/2020-07-10.png",nombre=tv mas,url=https://593b04c4c5670.streamlock.net:443/8008/8008/playlist.m3u8
channel-id="-1",group-title="cine",tvg-logo="https://pbs.twimg.com/profile_images/705006923104460800/sautelaj_400x400.jpg",nombre=ready_,url=http://190.103.183.24:1935/readytv/readyhd/.m3u8
channel-id="-1",group-title="cine",tvg-logo="https://i.imgur.com/fxrsd2j.png",nombre=ame47_,url=http://ss6.domint.net:2028/ame_str/amecanal47/master.m3u8
channel-id="-1",group-title="cine",tvg-logo="https://pbs.twimg.com/profile_images/836673683997483013/9xtjwyh6_400x400.jpg",nombre=microvision_,url=http://190.103.183.24:1935/live/microhd/playlist.m3u8
channel-id="-1",group-title="cine",tvg-logo="https://i.imgur.com/xgkdbcr.png",nombre=wow,url=https://cdn.elsalvadordigital.com:1936/wowtv/smil:wowtv.smil/playlist.m3u8
channel-id="-1",group-title="cine",tvg-logo="https://play-lh.googleusercontent.com/faostzpwp3mn8hqpn3n39rhrcgrxbxtjbpw_yryfqc7manw8vxozj1o8dbhzb6w5gvpu=s180",nombre=catavisión,url=https://stmv1.zcastbr.com/catavision/catavision/playlist.m3u8
channel-id="-1",group-title="cine",tvg-logo="https://prnewswire2-a.akamaihd.net/p/1893751/sp/189375100/thumbnail/entry_id/1_usk3hzv4/def_height/1654/def_width/3159/version/100011/type/2/q/100",nombre=nuestra vision,url=https://siloh-ns1.plutotv.net/lilo/production/nuestravision/master.m3u8
channel-id="-1",group-title="series",tvg-logo="https://images.pluto.tv/channels/5dd837642c6e9300098ad484/colorlogopng.png",nombre=*series latinas_,url=http://stitcher-ipv4.pluto.tv/v1/stitch/embed/hls/channel/5dd837642c6e9300098ad484/master.m3u8?devicetype=samsung-tvplus&devicemake=samsung&devicemodel=samsung&deviceversion=unknown&appversion=unknown&devicelat=0&devicelon=0&devicednt=%7btargetopt%7d&deviceid=%7bpsid%7d&advertisingid=%7bpsid%7d&us_privacy=1yny&samsung_app_domain=%7bapp_domain%7d&samsung_app_name=%7bapp_name%7d&profilelimit=&profilefloor=&embedpartner=samsung-tvplus
channel-id="-1",group-title="series",tvg-logo="https://images.pluto.tv/channels/612f8b455ed5810007170b5f/colorlogopng.png",nombre=el mariachi_,url=http://stitcher-ipv4.pluto.tv/v1/stitch/embed/hls/channel/612f8b455ed5810007170b5f/master.m3u8?devicetype=samsung-tvplus&devicemake=samsung&devicemodel=samsung&deviceversion=unknown&appversion=unknown&devicelat=0&devicelon=0&devicednt=%7btargetopt%7d&deviceid=%7bpsid%7d&advertisingid=%7bpsid%7d&us_privacy=1yny&samsung_app_domain=%7bapp_domain%7d&samsung_app_name=%7bapp_name%7d&profilelimit=&profilefloor=&embedpartner=samsung-tvplus
channel-id="-1",group-title="series",tvg-logo="https://images.pluto.tv/channels/5f1abe3ffcd659000770d88d/colorlogopng.png",nombre=la chica invisible_,url=http://stitcher-ipv4.pluto.tv/v1/stitch/embed/hls/channel/5f1abe3ffcd659000770d88d/master.m3u8?devicetype=samsung-tvplus&devicemake=samsung&devicemodel=samsung&deviceversion=unknown&appversion=unknown&devicelat=0&devicelon=0&devicednt=%7btargetopt%7d&deviceid=%7bpsid%7d&advertisingid=%7bpsid%7d&us_privacy=1yny&samsung_app_domain=%7bapp_domain%7d&samsung_app_name=%7bapp_name%7d&profilelimit=&profilefloor=&embedpartner=samsung-tvplus
channel-id="-1",group-title="series",tvg-logo="https://www.m3u.cl/logo/1032_13_teleseries.png",nombre=13 teleseries,url=https://unlimited1-cl-isp.dps.live/13t/13t.smil/playlist.m3u8
channel-id="-1",group-title="curiosidad",tvg-logo="https://elgourmet.com/theme/assets/logo.png",nombre=gourmet tv,url=https://amc-elgoourmet-1.plex.wurl.com/manifest/playlist_1920x1080_4200k.m3u8
channel-id="3775",group-title="curiosidad",tvg-logo="https://static.wikia.nocookie.net/logopedia/images/e/e9/m%c3%a1s_chic.svg/revision/latest/scale-to-width-down/200?cb=20200114222838&path-prefix=es",nombre=mas chic,url=https://amc-maschic-1.samsung.wurl.com/manifest/8c44a36cdc5ed261301bf8bc6dcddb02.m3u8
channel-id="-1",group-title="curiosidad",tvg-logo="http://www.tectv.gob.ar/resources/img/logo.png",nombre=tec tv 22.5,url=https://g3.mc-hor.transport.edge-access.net/a09/ngrp:gcba_video3-100042_all/gcba_video3-100042_720p.m3u8
channel-id="-1",group-title="curiosidad",tvg-logo="https://provider-static.plex.tv/epg/images/ott_channels/logos/sabermas_logo_light.png",nombre=saber mas,url=https://olympusamagi.amagi.tv/hls/amagi_hls_data_olympusat-sabermas-plex/cdn/playlist.m3u8?us_privacy=1---&did=62274240-07e7-5d94-8dc8-ef68cf19e175&dnt=0&x-plex-token=6bslyfjzzvyw_ngsjtwh&channelid=6018913ea15130002b284195
channel-id="1321",group-title="curiosidad",tvg-logo="https://upload.wikimedia.org/wikipedia/commons/thumb/7/75/logo_tve-2.svg/300px-logo_tve-2.svg.png",nombre=la 2,url=https://hlsliveamdgl0-lh.akamaihd.net/i/hlsdvrlive_1@60531/index_0650_av-p.m3u8?sd=10&rebase=on
channel-id="-1",group-title="curiosidad",tvg-logo="https://pbs.twimg.com/profile_images/852214222884937730/zjoszvqs_400x400.jpg",nombre=cultura 24 tv,url=https://vs8.live.opencaster.com/cultura24/smil:cultura24/playlist.m3u8
channel-id="-1",group-title="infantil",tvg-logo="https://pbs.twimg.com/profile_images/1363736016155258880/lcgwembi.jpg",nombre=el chavo,url=https://videostreaming.cloudserverlatam.com/elchavotv/elchavotv/playlist.m3u8
channel-id="-1",group-title="infantil",tvg-logo="https://pbs.twimg.com/profile_images/823733930016772097/aeaabr9a_400x400.jpg",nombre=los simpsons,url=https://videostreaming.cloudserverlatam.com/cstv/cstv/playlist.m3u8
channel-id="-1",group-title="infantil",tvg-logo="https://images.pluto.tv/channels/5dcde2ac4bc6c500094ab45b/colorlogopng.png",nombre=*junior_,url=http://stitcher-ipv4.pluto.tv/v1/stitch/embed/hls/channel/5dcde2ac4bc6c500094ab45b/master.m3u8?devicetype=samsung-tvplus&devicemake=samsung&devicemodel=samsung&deviceversion=unknown&appversion=unknown&devicelat=0&devicelon=0&devicednt=%7btargetopt%7d&deviceid=%7bpsid%7d&advertisingid=%7bpsid%7d&us_privacy=1yny&samsung_app_domain=%7bapp_domain%7d&samsung_app_name=%7bapp_name%7d&profilelimit=&profilefloor=&embedpartner=samsung-tvplus
channel-id="1569",group-title="infantil",tvg-logo="https://pbs.twimg.com/profile_images/1233210919070638081/lfxxlzrw.jpg",nombre=74 tv,url=https://stmv1.zcastbr.com/canal74hd/canal74hd/playlist.m3u8
channel-id="-1",group-title="anime - teen",tvg-logo="https://graph.facebook.com/cartoonnetwork.spain/picture?width=200&height=200",nombre=cartoon network latino,url=https://slvcs87g3x.singularcdn.net.br/live/ctn_latam/playlist.m3u8
channel-id="4773",group-title="latino america",tvg-logo="https://upload.wikimedia.org/wikipedia/commons/thumb/5/59/caracol_televisi%c3%b3n_logo.svg/1200px-caracol_televisi%c3%b3n_logo.svg.png",nombre=caracol_,url=http://mdstrm.com/live-stream-playlist_800/58dc3d471cbe05ff3c8e463e.m3u8
channel-id="-1",group-title="latino america",tvg-logo="https://graph.facebook.com/atv.pe/picture?width=320&height=320",nombre=atv peru,url=https://d2tr4gdfol9ja.cloudfront.net/atv/smil:atv.smil/playlist.m3u8
channel-id="-1",group-title="latino america",tvg-logo="https://static.wikia.nocookie.net/logopedia/images/1/1b/cali_tv.png/revision/latest",nombre=cali tv,url=https://5ab772334c39c.streamlock.net/live-calitv/calitv1/playlist.m3u8
channel-id="-1",group-title="paisajes",tvg-logo="https://i.imgur.com/8f9qpbt.png",nombre=tropics live,url=https://stitcheraws.unreel.me/wse-node02.powr.com/live/5c9538b9932c837b4939735c/playlist.m3u8
channel-id="-1",group-title="paisajes",tvg-logo="https://i.imgur.com/k4garud.png",nombre=sunsets live,url=https://stitcheraws.unreel.me/wse-node02.powr.com/live/5c9538a5932c837b4939735b/playlist.m3u8
channel-id="-1",group-title="paisajes",tvg-logo="https://i.imgur.com/ii2idma.png",nombre=rivers live,url=https://stitcheraws.unreel.me/wse-node02.powr.com/live/5c95388f932c837b4939735a/playlist.m3u8
channel-id="-1",group-title="paisajes",tvg-logo="https://i.imgur.com/xthh1rm.png",nombre=mountains live,url=https://stitcheraws.unreel.me/wse-node02.powr.com/live/5c95387b932c837b49397357/playlist.m3u8
channel-id="-1",group-title="paisajes",tvg-logo="https://i.imgur.com/ijurd8t.png",nombre=lakes live,url=https://stitcheraws.unreel.me/wse-node02.powr.com/live/5c95385c932c837b49397356/playlist.m3u8
channel-id="-1",group-title="cine y series",tvg-logo="https://i.imgur.com/r2vrxpx.png",nombre=mitv | sd | estados unidos,url=https://mitv.getstreamhosting.com:30443/live/livestream123/chunks.m3u8
channel-id="-1",group-title="cine y series",tvg-logo="https://i.imgur.com/yghu53w.png",nombre=top cine olympusat | hd | estados unidos,url=https://olympusamagi.pc.cdn.bitgravity.com/topcine-roku/master_5.m3u8
channel-id="-1",group-title="cine y series",tvg-logo="https://i.imgur.com/zimrphl.png",nombre=horrorfy olympusat | hd | estados unidos,url=https://olympusamagi.pc.cdn.bitgravity.com/horrify-roku/master.m3u8
channel-id="-1",group-title="cine y series",tvg-logo="https://i.imgur.com/o513q3w.png",nombre=run time | hd | españa,url=https://runtimeespana-samsungspain.amagi.tv/playlist720.m3u8
channel-id="-1",group-title="cine y series",tvg-logo="https://i.imgur.com/o513q3w.png",nombre=run time latino | hd | estados unidos,url=https://runtime-espanol-roku.amagi.tv/playlist.m3u8
channel-id="-1",group-title="pluto tv",tvg-logo="https://i.imgur.com/va5odzd.png",nombre=fitness | hd_,url=http://stitcher-ipv4.pluto.tv/v1/stitch/embed/hls/channel/6140a074a99e79000738162a/master.m3u8?devicetype=samsung-tvplus&devicemake=samsung&devicemodel=samsung&deviceversion=unknown&appversion=unknown&devicelat=0&devicelon=0&devicednt=%7btargetopt%7d&deviceid=%7bpsid%7d&advertisingid=%7bpsid%7d&us_privacy=1yny&samsung_app_domain=%7bapp_domain%7d&samsung_app_name=%7bapp_name%7d&profilelimit=&profilefloor=&embedpartner=samsung-tvplus
channel-id="188",group-title="k.premium",tvg-logo="https://innovatv.live/posters/1602432840128.png",nombre=sony-channel_,url=http://51.79.18.128:8081/latino%7csonychannel/latino%7csonychannel/playlist.m3u8
channel-id="-1",group-title="k.premium",tvg-logo="https://i.ibb.co/kybqx36/ar-discovery-hd-theater-m.png",nombre=discovery theater,url=https://chromecast.cvattv.com.ar/live/c2live/theater_hd/sa_sagemcom/theater_hd.m3u8
channel-id="-1",group-title="k.premium",tvg-logo="https://i.ibb.co/y8gjhw1/hyh.png",nombre=home & healt,url=https://chromecast.cvattv.com.ar/live/c3eds/discoveryhomehealthhd/sa_sagemcom/discoveryhomehealthhd.m3u8
channel-id="-1", name="caracola tv",tvg-logo="https://www.m3u.cl/logo/1020_caracola_tv.png",nombre=caracola tv * | cl,url=https://wifispeed.trapemn.tv:1936/comunales/caracola-tv/playlist.m3u8
channel-id="-1", name="egm channel",tvg-logo="https://www.m3u.cl/logo/1022_egm_channel.png",nombre=egm channel * | cl,url=https://paneltv.online:1936/8186/8186/playlist.m3u8
channel-id="-1",nombre=hola! tv_,url=http://iptvhn.sytes.net:25461/dagoberto/r3mqxudj04/137
channel-id="-1",nombre=canal vtv_,url=http://iptvhn.sytes.net:25461/dagoberto/r3mqxudj04/4267
channel-id="-1",group-title="cine & series",tvg-logo="https://lh3.googleusercontent.com/-obky0xopjja/xrizz5c1qui/aaaaaaaa0bo/obdss6fw5zea1eqjrv7j7ikmtaoqfcbjgck8bgasyhg/s0/2020-05-05.png",nombre=retroplus series,url=https://59f1cbe63db89.streamlock.net:1443/retroplussenal3/_definst_/retroplussenal3/chunklist_w458806239.m3u8?webm3ucl
channel-id="-1",group-title="24/7",tvg-logo="http://images.pluto.tv/channels/605e479d5b8229000763e697/colorlogopng.png",nombre=escape perfecto_,url=http://service-stitcher.clusters.pluto.tv/stitch/hls/channel/605e479d5b8229000763e697/master.m3u8?advertisingid=&appname=web&appversion=unknown&appstoreurl=&architecture=&buildversion=&clienttime=0&devicednt=0&deviceid=bff334c2-6307-11eb-b3fa-019cb96f121b&devicemake=chrome&devicemodel=web&devicetype=web&deviceversion=unknown&includeextendedevents=false&sid=dffc36b9-57c6-4973-9903-2f83d465ac40&userid=&serversideads=true
channel-id="3174",group-title="k.premium",tvg-logo="https://3.bp.blogspot.com/-e1scdlqfqd8/vx4ithci-ri/aaaaaaaacyk/qds1knnpyt8wnbgojnx7jns197he2qlngclcb/s1600/logo-tvn.png",nombre=tvn hd,url=https://bcovlive-a.akamaihd.net/2f670e324b9b46bba7582e919ed90924/us-east-1/6058004209001/playlist.m3u8
channel-id="1954",group-title="k.premium",tvg-logo="https://static.epg.best/mx/lasestrellas.mx.png",nombre=las estrellas_,url=http://edge02-fdo-py.cvattv.com.ar/live/c6eds/canal_de_las_estrellas/sa_sagemcom/canal_de_las_estrellas.m3u8
channel-id="1968",group-title="k.premium",tvg-logo="https://multipress.com.mx/wp-content/uploads/2019/03/image003-6.png",nombre=telemundo internacional_,url=http://edge3-hr.cvattv.com.ar/live/live/telemundo_hd/sa_sagemcom/telemundo_hd.m3u8
channel-id="3317",group-title="k.premium",tvg-logo="https://raw.githubusercontent.com/ivantapia882804/rasta12/main/emblems/universal.png",nombre=universal hd,url=https://edge-live15-sl.cvattv.com.ar/live/c2live/universal_channel_hd/sa_sagemcom/universal_channel_hd.m3u8
channel-id="-1",group-title="k.premium",tvg-logo="https://cms.dmpcdn.com/livetv/2017/10/18/783549d6-9b0d-4b4a-ab42-3bdd932bf544.png",nombre=paramount hd,url=https://edge-live15-sl.cvattv.com.ar/live/c7eds/paramount/sa_sagemcom/paramount.m3u8
channel-id="-1", name="extasy tv hd",group-title="xxx", country="cz",nombre=extasy tv hd_,url=http://213.151.233.20:8000/dna-6233-tv-pc/hls/4004v105.m3u8
channel-id="-1",group-title="paraguay",tvg-logo="https://i.imgur.com/qnvf58v.png",nombre=somos del este | sd | ciudad del este,url=https://59ce1298bfb98.streamlock.net/somosdeleste/somosdeleste/playlist.m3u8
channel-id="-1",group-title="cine y series",tvg-logo="https://i.imgur.com/raiuxsx.png",nombre=rec on line | hd | bolivia,url=https://master.tucableip.com/reconline/live/video.m3u8
channel-id="333",group-title="lista 03",nombre=golden_,url=http://blackaddon.com/play/zufree-235.php?c=3089
channel-id="3765",group-title="lista 03",nombre=golden plus_,url=http://blackaddon.com/play/zufree-235.php?c=3091
channel-id="1963",group-title="lista 03",nombre=golden premier_,url=http://blackaddon.com/play/zufree-235.php?c=3092
channel-id="3775",group-title="lista 03",nombre=mas chic_,url=http://blackaddon.com/play/zufree-235.php?c=3102
channel-id="3727",group-title="lista 03",nombre=az cinema_,url=http://blackaddon.com/play/zufree-235.php?c=3027
channel-id="-1",group-title="centro a",tvg-logo="http://198.255.17.202=58000/zeus/lists/icons/axn.png",nombre=la_sd=axn_,url=http://shashe.dianshiwang.vip:27000/live/rogeliovnz/2019/4844.ts
channel-id="-1", name="la_sd=disney channel",group-title="centro a",tvg-logo="https://vignette.wikia.nocookie.net/logopedia/images/8/87/disney_channel_2014.png/revision/latest?cb=20140522224840",nombre=la_sd=disney channel_,url=http://shashe.dianshiwang.vip:27000/live/rogeliovnz/2019/4863.ts
channel-id="-1", name="la_sd=star channel",group-title="centro a",tvg-logo="https://e7.pngegg.com/pngimages/831/264/png-clipart-fox-channel-television-show-fox-international-channels-fox-life-fox-television-angle.png",nombre=la_sd=star channel_,url=http://shashe.dianshiwang.vip:27000/live/rogeliovnz/2019/4876.ts
channel-id="-1", name="la_sd=history ch",group-title="centro a",tvg-logo="https://pbs.twimg.com/media/dzzy8mlxgaangja.jpg",nombre=la_sd=history ch_,url=http://shashe.dianshiwang.vip:27000/live/rogeliovnz/2019/4887.ts
channel-id=-1 tvg-id=x tvg-logo=https://www.m3u.cl/logo/1016_planetatv_movie.png group-title=x,nombre=planetatv movie * | cl, channel-id=-1 tvg-id=x tvg-logo=https://www.m3u.cl/logo/1016_planetatv_movie.png group-title=x,nombre=planetatv movie | cl,url=https://mediacpstreamchile.com:1936/8140/8140/playlist.m3u8
channel-id=-1 tvg-id=x tvg-logo=https://i.postimg.cc/srjqfrjc/cine-life.png group-title=cine y series,nombre=cine life,url=https://magselect-stirr.amagi.tv/playlist720p.m3u8
channel-id=-1 tvg-id=x tvg-logo=https://i.postimg.cc/ssywmmnj/planetatv.png group-title=cine y series,nombre=planeta tv movies,url=https://mediacpstreamchile.com:1936/8140/8140/playlist.m3u8
channel-id=-1 tvg-id=x tvg-logo=https://i.postimg.cc/ssywmmnj/planetatv.png group-title=niños y adolescentes,nombre=planeta tv kids,url=https://mediacpstreamchile.com:1936/8152/8152/playlist.m3u8
channel-id=-1 tvg-id=x tvg-logo=http://x.playerlatino.live/alf.png group-title=infantil,nombre=alf,url=https://srv5.zcast.com.br/alf/alf/playlist.m3u8
channel-id=-1 tvg-id=x tvg-logo=x group-title=x,nombre=fashion tv midnite secrets__,url=http://fash1043.cloudycdn.services/slive/_definst_/ftv_ftv_midnite_k1y_27049_midnite_secr_108_hls.smil/chunklist.m3u8
channel-id=-1 tvg-id=x tvg-logo=https://i.imgur.com/4blxn00.png group-title=adultos,nombre=miami tv méxico | hd | méxico,url=https://59ec5453559f0.streamlock.net/mexicotv/smil:miamitvmexico/chunklist_w1190719083_b1896000.m3u8
channel-id=-1 tvg-id=x tvg-logo=https://i.imgur.com/zoioeqg.png group-title=tdt latino y mas,nombre=noticias caracol | hd | bogotá,url=https://mdstrm.com/live-stream-playlist/58dc3d471cbe05ff3c8e463e.m3u8
channel-id=-1 tvg-id=x tvg-logo=https://i.imgur.com/zoioeqg.png group-title=tdt latino y mas,nombre=canal doce | sd | sincelejo__,url=http://api.new.livestream.com/accounts/27724665/events/8376416/live.m3u8
channel-id=-1 tvg-id=x tvg-logo=https://i.imgur.com/zoioeqg.png group-title=tdt latino y mas,nombre=telepacífico| hd | cali,url=https://stream.logicideas.media/telepacifico-live/smil:live.smil/chunklist_b4500000.m3u8
channel-id=-1 tvg-id=x tvg-logo=https://i.imgur.com/zoioeqg.png group-title=tdt latino y mas,nombre=wow tv | hd__,url=http://cdn.elsalvadordigital.com:1935/wowtv/wowtv/chunklist_w84588335.m3u8
channel-id=-1 tvg-id=x tvg-logo=https://i.imgur.com/zoioeqg.png group-title=tdt latino y mas,nombre=tv pacífico | hd | culiacán,url=https://5ca3e84a76d30.streamlock.net/gpacifico1/gpculiacan.smil/.m3u8
channel-id=-1 tvg-id=x tvg-logo=https://www.lyngsat-stream.com/logo/tv/tt/telepacifico_co.png group-title=internacional,nombre=telepacifico colombia,url=https://stream.logicideas.media/telepacifico-live/smil:live.smil/playlist.m3u8
channel-id=-1 tvg-id=x tvg-logo=https://i.imgur.com/dgfc2uk.png group-title=cine y series,nombre=cinema + | hd | méxico,url=https://hvtrafico.ddns.net/cinema720/cinema720.stream/.m3u8
channel-id=-1 tvg-id=x tvg-logo=https://pbs.twimg.com/media/eua5pimwyaacg9y.jpg group-title=cine,nombre=canal cinesverdi,url=https://contracorriente-canalcinesverdi-1-es.samsung.wurl.tv/3000.m3u8
channel-id=-1 tvg-id=x tvg-logo=https://www.m3u.cl/logo/47_cstv.png group-title=cine,nombre=cstv__,url=http://www.radiosargentina.com.ar/php/tvm3u.php?id=diar0068
channel-id=-1 tvg-id=x tvg-logo=https://lh3.googleusercontent.com/-obky0xopjja/xrizz5c1qui/aaaaaaaa0bo/obdss6fw5zea1eqjrv7j7ikmtaoqfcbjgck8bgasyhg/s0/2020-05-05.png group-title=series,nombre=retroplus series,url=https://59f1cbe63db89.streamlock.net:1443/retroplussenal3/_definst_/retroplussenal3/chunklist_w781716611.m3u8
channel-id=-1 tvg-id=x tvg-logo=https://retroplustv.com/wp-content/uploads/2020/07/logo-recortado.png group-title=cine y series,nombre=retro plus tv cine,url=https://59f1cbe63db89.streamlock.net:1443/retroplussenal3/_definst_/retroplussenal3/playlist.m3u8
channel-id=-1 tvg-id=x tvg-logo=https://i.postimg.cc/7p2yvb8r/fmtv-1.png group-title=cine y series,nombre=fmtv,url=https://cloud2.streaminglivehd.com:1936/8070/8070/chunklist_w1605424459.m3u8
channel-id=-1 tvg-id=x tvg-logo=https://i.imgur.com/etjetkh.png group-title=samsung tv,nombre=sony comedias | hd | estados unidos,url=https://spt-comedias-1-us.samsung.wurl.tv/1200.m3u8
channel-id=-1 tvg-id=x tvg-logo=https://i.imgur.com/vtv1ysb.png group-title=moda,nombre=fashiontv czech&slovak | sd | francia__,url=http://lb.streaming.sk/fashiontv/stream/playlist.m3u8
channel-id=-1 tvg-id=x tvg-logo=https://od.lk/s/mf8ymzi1nde0mtff/retrotv_v2_281x281.png group-title=x,nombre=retro tv,url=https://bcovlive-a.akamaihd.net/5e531be3ed6c41229b2af2d9bffba88d/us-east-1/6183977686001/playlist.m3u8
channel-id=-1 tvg-id=x tvg-logo=https://serenotv.com/wp-content/uploads/2020/09/canal-frecuencia-musical-tv-1-mundo-ecuador-en-vivo.jpg group-title=cine y series,nombre=fm super classic,url=https://cloud2.streaminglivehd.com:1936/8070/8070/playlist.m3u8
channel-id=-1 tvg-id=x tvg-logo=https://tvpmlogopus.samsungcloud.tv/platform/image/sourcelogo/vc/70/01/71/usba3800001e0_20201007t012244.png group-title=cine,nombre=cine romantico,url=https://d2gjhy8g9ziabr.cloudfront.net/v1/master/3fec3e5cac39a52b2132f9c66c83dae043dc17d4/prod-samsungtvplus-stitched/samsungtvplus_us_cineromantico_001.m3u8?ads.caid=cineromantico&ads.csid=samsungtvplus_us_cineromantico_ssai&ads.xumo_platform=samsung&ads._fw_is_lat=%7btargetopt%7d&ads._fw_us_privacy=1yny&ads._fw_coppa=0&ads._fw_did=%7bpsid%7d&ads._fw_content_category=iab1-7&ads._fw_content_genre=movies&ads._fw_content_language=en%2ces%2cfr&ads._fw_content_rating=pg-13&ads._fw_devicemake=samsung&ads._fw_gdpr=0&ads.appname=%7bapp_name%7d&ads.xumo_contentid=2068&ads.xumo_contentname=uptvcineromantico&ads.xumo_providerid=2068&ads.xumo_providername=uptvcineromantico&ads.xumo_channelid=9999538&ads.xumo_adsystem=mediatailor&ads.tpcl=midroll&ads._fw_app_store_url=%7bapp_domain%7d
channel-id=-1 tvg-id=x tvg-logo=https://yt3.ggpht.com/ytc/akedolqjjb8h8lhzbkti4zfzwxgz1cvm0gwdxxqwxrilbq=s88-c-k-c0x00ffffff-no-rj group-title=cine,nombre=cosmos tv,url=https://clientes.videostreaming.ar:19360/cosmos/cosmos.m3u8
channel-id=-1 tvg-id=x tvg-logo=https://provider-static.plex.tv/epg/images/ott_channels/logos/lacorriente_logo_dark.png group-title=cine,nombre=la corriente,url=https://stream.ads.ottera.tv/playlist.m3u8?network_id=499&live=1&app_bundle=com.plexapp.android&did=62274240-07e7-5d94-8dc8-ef68cf19e175&app_domain=app.plex.tv&app_name=plex&h=&w=&content_title=hxpexx8sxrq2fzzka8jc&content_series=602d6608f867c4002c897e27&custom4=plex&gdpr=0&device_make=&device_model=&coppa=0&us_privacy=1---&custom_6=hxpexx8sxrq2fzzka8jc&custom_7=602d6608f867c4002c897e27
channel-id=-1 tvg-id=x tvg-logo=https://www.runtime.tv/themes/custom/run/runtime/logo.png group-title=cine,nombre=runtime 2,url=https://ammo-espanol-plex.amagi.tv/playlist.m3u8
channel-id=-1 tvg-id=x tvg-logo=https://www.runtime.tv/themes/custom/run/runtime/logo.png group-title=cine,nombre=runtime 3,url=https://runtimemx-samsungmx.amagi.tv/playlist.m3u8
channel-id=-1 tvg-id=x tvg-logo=https://pbs.twimg.com/profile_images/1361963964469493760/kjcfxnwp_400x400.jpg group-title=cine,nombre=feel good verdi,url=https://contracorriente-canalfeelgood-1-es.samsung.wurl.tv/3000.m3u8
channel-id=-1 tvg-id=x tvg-logo=https://ml.globenewswire.com/resource/download/99b1354d-8a98-478f-acb1-217f619405b4?size=2 group-title=cine,nombre=my time movies 1,url=https://appletree-mytimespain-rakuten.amagi.tv/playlist.m3u8
channel-id=-1 tvg-id=x tvg-logo=https://ml.globenewswire.com/resource/download/99b1354d-8a98-478f-acb1-217f619405b4?size=2 group-title=cine,nombre=my time movies 2,url=https://appletree-mytime-samsungmexico.amagi.tv/playlist.m3u8
channel-id=-1 tvg-id=x tvg-logo=http://dominicanchannels.com/wp-content/uploads/2014/10/orbit-tv-1.png group-title=cine,nombre=orbit tv,url=https://ss3.domint.net:3134/otv_str/orbittv/media.m3u8
channel-id=-1 tvg-id=x tvg-logo=https://images-na.ssl-images-amazon.com/images/i/51sn4ybcy6l.png group-title=cine,nombre=butaca tv,url=https://veranda-butacatv-1-es.samsung.wurl.tv/playlist.m3u8
channel-id=-1 tvg-id=x tvg-logo=https://images-na.ssl-images-amazon.com/images/i/51sn4ybcy6l.png group-title=cine,nombre=butaca tv 2,url=https://veranda-butacatv-2-mx.samsung.wurl.tv/playlist.m3u8
channel-id=-1 tvg-id=x tvg-logo=https://www.samsung.com/us/smg/content/dam/s7/home/televisions-and-home-theater/tvs/tvplus/all-channels/02232021/canela.tv_190x190_circle.jpg?raw=true group-title=cine,nombre=canela tv,url=https://stream-us-east-1.getpublica.com/playlist.m3u8?network_id=65&live=1&app_bundle=com.plexapp.desktop&did=&app_domain=app.plex.tv&app_name=plex&h=1080&w=1920&content_title=vx2gxit5q_vtarvywbza&content_series=5f5132e362fe160040f26c18&custom4=plex&gdpr=0&device_make=windows&device_model=opera&coppa=0&us_privacy=1---
channel-id=2497 tvg-id=x tvg-logo=https://lh3.googleusercontent.com/-me1jcsdamts/xwkz4pxyw2i/aaaaaaaa2pa/7nqibfl38eq5sgpw9h7fp3vktg7bd6wfwck8bgasyhg/s0/2020-07-10.png group-title=cine,nombre=tv mas,url=https://593b04c4c5670.streamlock.net:443/8008/8008/playlist.m3u8
channel-id=-1 tvg-id=x tvg-logo=https://i.imgur.com/xgkdbcr.png group-title=cine,nombre=wow,url=https://cdn.elsalvadordigital.com:1936/wowtv/smil:wowtv.smil/playlist.m3u8
channel-id=-1 tvg-id=x tvg-logo=https://play-lh.googleusercontent.com/faostzpwp3mn8hqpn3n39rhrcgrxbxtjbpw_yryfqc7manw8vxozj1o8dbhzb6w5gvpu=s180 group-title=cine,nombre=catavisión,url=https://stmv1.zcastbr.com/catavision/catavision/playlist.m3u8
channel-id=-1 tvg-id=x tvg-logo=https://www.m3u.cl/logo/1032_13_teleseries.png group-title=series,nombre=13 teleseries,url=https://unlimited1-cl-isp.dps.live/13t/13t.smil/playlist.m3u8
channel-id=-1 tvg-id=x tvg-logo=https://elgourmet.com/theme/assets/logo.png group-title=curiosidad,nombre=gourmet tv,url=https://amc-elgoourmet-1.plex.wurl.com/manifest/playlist_1920x1080_4200k.m3u8
channel-id=1321 tvg-id=x tvg-logo=https://upload.wikimedia.org/wikipedia/commons/thumb/7/75/logo_tve-2.svg/300px-logo_tve-2.svg.png group-title=curiosidad,nombre=la 2,url=https://hlsliveamdgl0-lh.akamaihd.net/i/hlsdvrlive_1@60531/index_0650_av-p.m3u8?sd=10&rebase=on
channel-id=-1 tvg-id=x tvg-logo=https://pbs.twimg.com/profile_images/852214222884937730/zjoszvqs_400x400.jpg group-title=curiosidad,nombre=cultura 24 tv,url=https://vs8.live.opencaster.com/cultura24/smil:cultura24/playlist.m3u8
channel-id=1569 tvg-id=x tvg-logo=https://pbs.twimg.com/profile_images/1233210919070638081/lfxxlzrw.jpg group-title=infantil,nombre=74 tv,url=https://stmv1.zcastbr.com/canal74hd/canal74hd/playlist.m3u8
channel-id=4773 tvg-id=x tvg-logo=https://upload.wikimedia.org/wikipedia/commons/thumb/5/59/caracol_televisi%c3%b3n_logo.svg/1200px-caracol_televisi%c3%b3n_logo.svg.png group-title=latino america,nombre=caracol__,url=http://mdstrm.com/live-stream-playlist_800/58dc3d471cbe05ff3c8e463e.m3u8
channel-id=-1 tvg-id=x tvg-logo=https://graph.facebook.com/atv.pe/picture?width=320&height=320 group-title=latino america,nombre=atv peru,url=https://d2tr4gdfol9ja.cloudfront.net/atv/smil:atv.smil/playlist.m3u8
channel-id=-1 tvg-id=x tvg-logo=https://static.wikia.nocookie.net/logopedia/images/1/1b/cali_tv.png/revision/latest group-title=latino america,nombre=cali tv,url=https://5ab772334c39c.streamlock.net/live-calitv/calitv1/playlist.m3u8
channel-id=-1 tvg-id=x tvg-logo=https://i.imgur.com/8f9qpbt.png group-title=paisajes,nombre=tropics live,url=https://stitcheraws.unreel.me/wse-node02.powr.com/live/5c9538b9932c837b4939735c/playlist.m3u8
channel-id=-1 tvg-id=x tvg-logo=https://i.imgur.com/k4garud.png group-title=paisajes,nombre=sunsets live,url=https://stitcheraws.unreel.me/wse-node02.powr.com/live/5c9538a5932c837b4939735b/playlist.m3u8
channel-id=-1 tvg-id=x tvg-logo=https://i.imgur.com/ii2idma.png group-title=paisajes,nombre=rivers live,url=https://stitcheraws.unreel.me/wse-node02.powr.com/live/5c95388f932c837b4939735a/playlist.m3u8
channel-id=-1 tvg-id=x tvg-logo=https://i.imgur.com/xthh1rm.png group-title=paisajes,nombre=mountains live,url=https://stitcheraws.unreel.me/wse-node02.powr.com/live/5c95387b932c837b49397357/playlist.m3u8
channel-id=-1 tvg-id=x tvg-logo=https://i.imgur.com/ijurd8t.png group-title=paisajes,nombre=lakes live,url=https://stitcheraws.unreel.me/wse-node02.powr.com/live/5c95385c932c837b49397356/playlist.m3u8
channel-id=-1 tvg-id=x tvg-logo=https://i.imgur.com/o513q3w.png group-title=cine y series,nombre=run time latino | hd | estados unidos,url=https://runtime-espanol-roku.amagi.tv/playlist.m3u8
channel-id=-1 tvg-id=x tvg-logo=https://pbs.twimg.com/profile_images/1148265181090320384/f9iexgql_400x400.png group-title=noticias,nombre=24 horas españa,url=https://rtvelivestreamv3.akamaized.net/rtvesec/24h_bkp_dvr.m3u8
channel-id=-1 tvg-id=x tvg-logo=https://lh3.googleusercontent.com/-gu0ldoci1ce/xryl7uefhai/aaaaaaaa0h0/n9ww7qkwrry9kcl4fmrd3mroxzhoymudack8bgasyhg/s0/2020-05-08.png group-title=norte,nombre=canal 7 jujuy,url=https://stream.arcast.live/canal7jujuy/ngrp:canal7jujuy_all/chunklist_w868353367_b299152.m3u8
channel-id=-1 tvg-id=x tvg-logo=https://i.imgur.com/hlrdeds.png group-title=latino america,nombre=canal capital colombia,url=https://mdstrm.com/live-stream-playlist/57d01d6c28b263eb73b59a5a.m3u8
channel-id=-1 tvg-id=x tvg-logo=https://i.imgur.com/elxndpw.png group-title=samsung tv,nombre=rakuten tv acción | hd | españa,url=https://rakuten-actionmovies-2-es.samsung.wurl.tv/3000.m3u8
channel-id=-1 tvg-id=x tvg-logo=https://i.imgur.com/elxndpw.png group-title=samsung tv,nombre=rakuten tv comedias | hd | españa,url=https://rakuten-comedymovies-2-es.samsung.wurl.tv/3000.m3u8
channel-id=-1 tvg-id=x tvg-logo=https://i.imgur.com/elxndpw.png group-title=samsung tv,nombre=rakuten tv drama | hd | españa,url=https://rakuten-tvshows-2-es.samsung.wurl.tv/playlist.m3u8
channel-id=-1 tvg-id=x tvg-logo=https://i.imgur.com/elxndpw.png group-title=samsung tv,nombre=rakuten tv familia | hd | españa,url=https://rakuten-family-2-es.samsung.wurl.tv/playlist.m3u8
channel-id=-1 tvg-id=x tvg-logo=https://i.imgur.com/elxndpw.png group-title=samsung tv,nombre=rakuten tv spotlight | hd | españa,url=https://rakuten-spotlight-2-es.samsung.wurl.tv/1200.m3u8
channel-id=-1 tvg-id=x tvg-logo=https://i.imgur.com/4blxn00.png group-title=adultos,nombre=miami tv latino | hd | estados unidos,url=https://5ee7c2b857b7f.streamlock.net/latino/latino/chunklist_w923735274.m3u8
channel-id=-1 tvg-id=x tvg-logo=https://i.imgur.com/4blxn00.png group-title=adultos,nombre=miami tv internacional | hd | estados unidos__,url=http://server.miamitvchannel.com/miamitv/smil:miamitvapp1/.m3u8
channel-id=-1 tvg-id=x tvg-logo=https://i.imgur.com/4blxn00.png group-title=adultos,nombre=miami tv jenny for you | hd | estados unidos,url=https://59ec5453559f0.streamlock.net/jennyforyou/jennyforyou/.m3u8
channel-id=-1 tvg-id=x tvg-logo=https://i.imgur.com/0efimhp.png group-title=perú,nombre=atv | hd | lima,url=https://d2tr4gdfol9ja.cloudfront.net/atv/atv.smil/chunklist_b1024000.m3u8
channel-id=-1 tvg-id=x tvg-logo=https://i.imgur.com/leps35o.png group-title=perú,nombre=atv + | hd | lima,url=https://d2tr4gdfol9ja.cloudfront.net/atv/atv-mas.smil/.m3u8
channel-id=-1 tvg-id=x tvg-logo=https://forounivers.com/uploads/monthly_2020_10/large_ip.png.86547431b4427ace68d3b742b704119f.png group-title=x,nombre=informaciã³n periodã\\xadstica,url=https://d1nmqgphjn0y4.cloudfront.net/live/ip/live.isml/5ee6e167-1167-4a85-9d8d-e08a3f55cff3.m3u8
channel-id=-1 tvg-id=x tvg-logo=x group-title=latino,nombre=central tv__,url=http://cdn2.ujjina.com:1935/iptvcentraltv/livecentraltvtv/playlist.m3u8
channel-id=-1 tvg-id=x tvg-logo=https://graph.facebook.com/asiritv/picture?width=320&height=320 group-title=series,nombre=asiri tv,url=https://video2.lhdserver.es/asiritv/live.m3u8
channel-id=2542 tvg-id=x tvg-logo=x group-title=spliktv,nombre=tv peru,url=https://sv.spliktv.xyz/live/caster/pe/tvperu.m3u8
channel-id=-1 tvg-id=x tvg-logo=x group-title=spliktv,nombre=panamericana,url=https://sv.spliktv.xyz/live/caster/pe/panamericana.m3u8
channel-id=-1 tvg-id=x tvg-logo=x group-title=x,nombre=telesur tv__,url=http://k3.usastreams.com:1935/telesur/telesur/playlist.m3u8
channel-id=-1 tvg-id=x tvg-logo=x group-title=x,nombre=tv capital__,url=http://mdstrm.com/live-stream-playlist/57b4dbf5dbbfc8f16bb63ce1.m3u8?iptvgratis?chile.m3u8
channel-id=-1 tvg-id=x tvg-logo=https://www.m3u.cl/logo/465_retro_plus_tv_senal_3.png group-title=x,nombre=retro plus tv señal 3 | cl,url=https://59f1cbe63db89.streamlock.net:1443/retroplussenal3/_definst_/retroplussenal3/playlist.m3u8
channel-id=-1 tvg-id=x tvg-logo=https://www.m3u.cl/logo/481_fmtv_1.png group-title=x,nombre=fmtv 1 | us,url=https://cloud2.streaminglivehd.com:1936/8070/8070/playlist.m3u8
channel-id=-1 tvg-id=x tvg-logo=https://www.m3u.cl/logo/486_orbit_tv.png group-title=x,nombre=orbit tv | do,url=https://ss3.domint.net:3134/otv_str/orbittv/playlist.m3u8
channel-id=-1 tvg-id=x tvg-logo=https://www.m3u.cl/logo/488_anime_zone_tv.png group-title=x,nombre=anime zone tv | ar__,url=http://azxtv.com/hls/stream.m3u8
channel-id=-1 tvg-id=x tvg-logo=https://www.m3u.cl/logo/1032_13_teleseries.png group-title=x,nombre=13 teleseries | cl,url=https://unlimited1-cl-isp.dps.live/13t/13t.smil/playlist.m3u8
channel-id=-1 tvg-id=x tvg-logo=https://www.m3u.cl/logo/910_raices_arabes_tv.png group-title=x,nombre=raices arabes tv | cl,url=https://stmv1.zcastbr.com/julio4589/julio4589/playlist.m3u8
channel-id=-1 tvg-id=x tvg-logo=https://www.m3u.cl/logo/895_rlotv.png group-title=x,nombre=rlotv | cl,url=https://593b04c4c5670.streamlock.net:443/8034/8034/playlist.m3u8
channel-id=-1 tvg-id=x tvg-logo=https://www.m3u.cl/logo/489_fashiontv_new_york.png group-title=x,nombre=fashiontv new york | us__,url=http://fash2043.cloudycdn.services/slive/_definst_/ftv_ftv_gmt_-5_qko_43090_default_1225_hls.smil/playlist.m3u8
channel-id=-1 tvg-id=x tvg-logo=https://www.m3u.cl/logo/490_fashiontv_paris.png group-title=x,nombre=fashiontv paris | us,url=https://fash1043.cloudycdn.services/slive/_definst_/ftv_ftv_paris_pg_4dg_27027_paris_pg18_188_hls.smil/playlist.m3u8
channel-id=-1 tvg-id=x tvg-logo=https://www.m3u.cl/logo/334_canal_74_teve.png group-title=x,nombre=canal 74 teve | cl,url=https://stmv1.zcastbr.com/canal74hd/canal74hd/playlist.m3u8
channel-id=-1 tvg-id=x tvg-logo=https://www.m3u.cl/logo/337_buin_somos_todos.png group-title=x,nombre=buin somos todos | cl,url=https://bst.buin.cl/0.m3u8
channel-id=962 tvg-id=x tvg-logo=x group-title=x,nombre=atv,url=https://video.misistemareseller.com/atvhonduras/atvhonduras/playlist.m3u8
channel-id=4772 tvg-id=x tvg-logo=https://www.m3u.cl/logo/495_canal_capital.png group-title=x,nombre=canal capital | co,url=https://mdstrm.com/live-stream-playlist/57d01d6c28b263eb73b59a5a.m3u8
channel-id=-1 tvg-id=x tvg-logo=https://www.m3u.cl/logo/385_on_radio_chile.png group-title=x,nombre=on radio chile | cl,url=https://tls-cl.cdnz.cl/adgm-1/live/playlist.m3u8
channel-id=-1 tvg-id=x tvg-logo=https://i.imgur.com/etjetkh.png group-title=samsung tv,nombre=sony novelas | hd | estados unidos,url=https://spt-novelas-1-us.samsung.wurl.tv/3000.m3u8
channel-id=-1 tvg-id=x tvg-logo=https://i.imgur.com/0otjkaa.png group-title=cine y series,nombre=tv mas | hd | chile,url=https://593b04c4c5670.streamlock.net/8008/8008/playlist.m3u8
channel-id=-1 tvg-id=x tvg-logo=https://i.imgur.com/c1udhtc.png group-title=cine y series,nombre=cine verdi | hd | españa,url=https://contracorriente-canalcinesverdi-1-es.samsung.wurl.tv/playlist.m3u8
channel-id=-1 tvg-id=x tvg-logo=https://i.imgur.com/c1udhtc.png group-title=cine y series,nombre=feel good verdi | hd | españa,url=https://contracorriente-canalfeelgood-1-es.samsung.wurl.tv/playlist.m3u8
channel-id=-1 tvg-id=x tvg-logo=https://i.imgur.com/fbmaclw.png group-title=bolivia,nombre=bolivia tv 7.1| sd__,url=http://boliviatv1.srfms.com:5735/live/livestream/chunklist_w352402513.m3u8
channel-id=-1 tvg-id=x tvg-logo=https://i.imgur.com/uzsjoof.png group-title=españa,nombre=tv melilla| hd | melilla,url=https://tvmelilla-hls-rm-lw.flumotion.com/playlist.m3u8
channel-id=-1 tvg-id=x tvg-logo=https://i.imgur.com/1lzjcee.png group-title=guatemala,nombre=televisiete | sd,url=https://devdbm9fvg6q0.cloudfront.net/chapintv/smil:canal7.smil/playlist.m3u8
channel-id=-1 tvg-id=x tvg-logo=https://i.imgur.com/cgycgbl.png group-title=guatemala,nombre=tele costa escuintla | hd,url=https://tv91.hostingnuclear.com:19360/telecosta/telecosta.m3u8
channel-id=-1 tvg-id=x tvg-logo=https://i.imgur.com/zoioeqg.png group-title=tdt latino y mas,nombre=canal visión dorada | sd | caldas,url=https://movil.ejeserver.com/live/visiondorada.m3u8
channel-id=-1 tvg-id=x tvg-logo=https://i.imgur.com/zoioeqg.png group-title=tdt latino y mas,nombre=suram tv | hd | yopal,url=https://5b3050bb1b2d8.streamlock.net/suramtv/suramtv/chunklist_w814907456.m3u8
channel-id=-1 tvg-id=x tvg-logo=https://i.imgur.com/zoioeqg.png group-title=tdt latino y mas,nombre=mundo + | hd | la ceja__,url=http://vcp1.myplaytv.com:1935/mundomas/mundomas/playlist.m3u8
channel-id=-1 tvg-id=x tvg-logo=https://i.imgur.com/zoioeqg.png group-title=tdt latino y mas,nombre=teleislas | sd | san andrés,url=https://5ab772334c39c.streamlock.net/live-teleislas/_definst_/teleislas/chunklist_w444798539.m3u8
channel-id=-1 tvg-id=x tvg-logo=https://i.imgur.com/zoioeqg.png group-title=tdt latino y mas,nombre=ctv barranquilla | hd | barranquilla,url=https://59a564764e2b6.streamlock.net/ctvbarranquilla/ctv/chunklist_w387031486.m3u8
channel-id=-1 tvg-id=x tvg-logo=https://i.imgur.com/1jniyhc.png group-title=k.premium,nombre=telemicro canal 5 hd__,url=http://stream2.grupotelemicro.com:8081/live/5/playlist.m3u8
channel-id=-1 tvg-id=x tvg-logo=https://i.imgur.com/g5reoyf.png group-title=k.premium,nombre=telecentro hd (rd)__,url=http://stream2.grupotelemicro.com:8081/live/13/playlist.m3u8
channel-id=-1 tvg-id=x tvg-logo=https://www.m3u.cl/logo/1022_egm_channel.png group-title=x,nombre=egm channel * | cl,url=https://paneltv.online:1936/8186/8186/playlist.m3u8
channel-id=-1 tvg-id=x tvg-logo=https://lh3.googleusercontent.com/-obky0xopjja/xrizz5c1qui/aaaaaaaa0bo/obdss6fw5zea1eqjrv7j7ikmtaoqfcbjgck8bgasyhg/s0/2020-05-05.png group-title=cine & series,nombre=retroplus series,url=https://59f1cbe63db89.streamlock.net:1443/retroplussenal3/_definst_/retroplussenal3/chunklist_w458806239.m3u8?webm3ucl
channel-id=3174 tvg-id=x tvg-logo=https://3.bp.blogspot.com/-e1scdlqfqd8/vx4ithci-ri/aaaaaaaacyk/qds1knnpyt8wnbgojnx7jns197he2qlngclcb/s1600/logo-tvn.png group-title=k.premium,nombre=tvn hd,url=https://bcovlive-a.akamaihd.net/2f670e324b9b46bba7582e919ed90924/us-east-1/6058004209001/playlist.m3u8
channel-id=-1 tvg-id=x tvg-logo=x group-title=xxx,nombre=extasy tv hd__,url=http://213.151.233.20:8000/dna-6233-tv-pc/hls/4004v105.m3u8